Version Number,File Name,LOC_Touched,NumberRevisions,NumberBugFix,LOC_Added,MAX_LOC_Added,Chg_Set_Size,Max_Chg_Set,AVG_Chg_Set,Avg_LOC_Added,Buggy
31,doc/examples/java-example/src/main/java/example/GenericMain.java,10,3,2,1,1,28,26,9,0,Yes
31,doc/examples/java-example/src/main/java/example/SpecificMain.java,8,1,0,0,0,26,26,26,0,No
31,doc/examples/mr-example/src/main/java/example/AvroWordCount.java,0,0,0,0,0,0,0,0,0,No
31,doc/examples/mr-example/src/main/java/example/GenerateData.java,0,0,0,0,0,0,0,0,0,No
31,doc/examples/mr-example/src/main/java/example/MapReduceAvroWordCount.java,0,0,0,0,0,0,0,0,0,No
31,doc/examples/mr-example/src/main/java/example/MapReduceColorCount.java,0,0,0,0,0,0,0,0,0,No
31,doc/examples/mr-example/src/main/java/example/MapredColorCount.java,0,0,0,0,0,0,0,0,0,No
31,lang/java/archetypes/avro-service-archetype/src/main/resources/archetype-resources/src/main/java/service/SimpleOrderService.java,0,0,0,0,0,0,0,0,0,No
31,lang/java/archetypes/avro-service-archetype/src/main/resources/archetype-resources/src/main/java/transport/SimpleOrderServiceClient.java,0,0,0,0,0,0,0,0,0,No
31,lang/java/archetypes/avro-service-archetype/src/main/resources/archetype-resources/src/main/java/transport/SimpleOrderServiceEndpoint.java,0,0,0,0,0,0,0,0,0,No
31,lang/java/archetypes/avro-service-archetype/src/main/resources/archetype-resources/src/test/java/integration/SimpleOrderServiceIntegrationTest.java,0,0,0,0,0,0,0,0,0,No
31,lang/java/avro/src/main/java/org/apache/avro/AvroMissingFieldException.java,0,0,0,0,0,0,0,0,0,No
31,lang/java/avro/src/main/java/org/apache/avro/AvroRemoteException.java,0,0,0,0,0,0,0,0,0,No
31,lang/java/avro/src/main/java/org/apache/avro/AvroRuntimeException.java,0,0,0,0,0,0,0,0,0,No
31,lang/java/avro/src/main/java/org/apache/avro/AvroTypeException.java,0,0,0,0,0,0,0,0,0,No
31,lang/java/avro/src/main/java/org/apache/avro/Conversion.java,0,0,0,0,0,0,0,0,0,No
31,lang/java/avro/src/main/java/org/apache/avro/Conversions.java,53,3,3,35,35,6,2,2,11,Yes
31,lang/java/avro/src/main/java/org/apache/avro/InvalidAvroMagicException.java,0,0,0,0,0,0,0,0,0,No
31,lang/java/avro/src/main/java/org/apache/avro/InvalidNumberEncodingException.java,0,0,0,0,0,0,0,0,0,No
31,lang/java/avro/src/main/java/org/apache/avro/JsonProperties.java,0,0,0,0,0,0,0,0,0,No
31,lang/java/avro/src/main/java/org/apache/avro/LogicalType.java,0,0,0,0,0,0,0,0,0,No
31,lang/java/avro/src/main/java/org/apache/avro/LogicalTypes.java,33,5,3,14,10,31,11,6,2,Yes
31,lang/java/avro/src/main/java/org/apache/avro/Protocol.java,23,3,0,1,1,11,5,3,0,No
31,lang/java/avro/src/main/java/org/apache/avro/Resolver.java,309,7,4,77,28,58,18,8,11,Yes
31,lang/java/avro/src/main/java/org/apache/avro/Schema.java,47,5,1,28,21,10,3,2,5,Yes
31,lang/java/avro/src/main/java/org/apache/avro/SchemaBuilder.java,21,5,1,3,1,39,21,7,0,Yes
31,lang/java/avro/src/main/java/org/apache/avro/SchemaBuilderException.java,0,0,0,0,0,0,0,0,0,No
31,lang/java/avro/src/main/java/org/apache/avro/SchemaCompatibility.java,3,2,0,0,0,2,1,1,0,No
31,lang/java/avro/src/main/java/org/apache/avro/SchemaNormalization.java,0,0,0,0,0,0,0,0,0,No
31,lang/java/avro/src/main/java/org/apache/avro/SchemaParseException.java,0,0,0,0,0,0,0,0,0,No
31,lang/java/avro/src/main/java/org/apache/avro/SchemaValidationException.java,0,0,0,0,0,0,0,0,0,No
31,lang/java/avro/src/main/java/org/apache/avro/SchemaValidationStrategy.java,0,0,0,0,0,0,0,0,0,No
31,lang/java/avro/src/main/java/org/apache/avro/SchemaValidator.java,0,0,0,0,0,0,0,0,0,No
31,lang/java/avro/src/main/java/org/apache/avro/SchemaValidatorBuilder.java,0,0,0,0,0,0,0,0,0,No
31,lang/java/avro/src/main/java/org/apache/avro/UnknownAvroCodecException.java,0,0,0,0,0,0,0,0,0,No
31,lang/java/avro/src/main/java/org/apache/avro/UnresolvedUnionException.java,6,1,0,6,6,3,3,3,6,No
31,lang/java/avro/src/main/java/org/apache/avro/ValidateAll.java,0,0,0,0,0,0,0,0,0,No
31,lang/java/avro/src/main/java/org/apache/avro/ValidateCanBeRead.java,0,0,0,0,0,0,0,0,0,No
31,lang/java/avro/src/main/java/org/apache/avro/ValidateCanRead.java,0,0,0,0,0,0,0,0,0,No
31,lang/java/avro/src/main/java/org/apache/avro/ValidateLatest.java,0,0,0,0,0,0,0,0,0,No
31,lang/java/avro/src/main/java/org/apache/avro/ValidateMutualRead.java,0,0,0,0,0,0,0,0,0,No
31,lang/java/avro/src/main/java/org/apache/avro/data/ErrorBuilder.java,0,0,0,0,0,0,0,0,0,No
31,lang/java/avro/src/main/java/org/apache/avro/data/Json.java,0,0,0,0,0,0,0,0,0,No
31,lang/java/avro/src/main/java/org/apache/avro/data/RecordBuilder.java,0,0,0,0,0,0,0,0,0,No
31,lang/java/avro/src/main/java/org/apache/avro/data/RecordBuilderBase.java,9,3,0,0,0,13,10,4,0,No
31,lang/java/avro/src/main/java/org/apache/avro/data/TimeConversions.java,5,1,1,0,0,21,21,21,0,Yes
31,lang/java/avro/src/main/java/org/apache/avro/file/BZip2Codec.java,0,0,0,0,0,0,0,0,0,No
31,lang/java/avro/src/main/java/org/apache/avro/file/Codec.java,0,0,0,0,0,0,0,0,0,No
31,lang/java/avro/src/main/java/org/apache/avro/file/CodecFactory.java,0,0,0,0,0,0,0,0,0,No
31,lang/java/avro/src/main/java/org/apache/avro/file/DataFileConstants.java,0,0,0,0,0,0,0,0,0,No
31,lang/java/avro/src/main/java/org/apache/avro/file/DataFileReader.java,32,3,0,1,1,3,1,1,0,No
31,lang/java/avro/src/main/java/org/apache/avro/file/DataFileReader12.java,5,1,0,0,0,19,19,19,0,No
31,lang/java/avro/src/main/java/org/apache/avro/file/DataFileStream.java,0,0,0,0,0,0,0,0,0,No
31,lang/java/avro/src/main/java/org/apache/avro/file/DataFileWriter.java,0,0,0,0,0,0,0,0,0,No
31,lang/java/avro/src/main/java/org/apache/avro/file/DeflateCodec.java,0,0,0,0,0,0,0,0,0,No
31,lang/java/avro/src/main/java/org/apache/avro/file/FileReader.java,0,0,0,0,0,0,0,0,0,No
31,lang/java/avro/src/main/java/org/apache/avro/file/NullCodec.java,0,0,0,0,0,0,0,0,0,No
31,lang/java/avro/src/main/java/org/apache/avro/file/SeekableByteArrayInput.java,0,0,0,0,0,0,0,0,0,No
31,lang/java/avro/src/main/java/org/apache/avro/file/SeekableFileInput.java,0,0,0,0,0,0,0,0,0,No
31,lang/java/avro/src/main/java/org/apache/avro/file/SeekableInput.java,0,0,0,0,0,0,0,0,0,No
31,lang/java/avro/src/main/java/org/apache/avro/file/SnappyCodec.java,4,1,1,1,1,21,21,21,1,Yes
31,lang/java/avro/src/main/java/org/apache/avro/file/Syncable.java,0,0,0,0,0,0,0,0,0,No
31,lang/java/avro/src/main/java/org/apache/avro/file/SyncableFileOutputStream.java,0,0,0,0,0,0,0,0,0,No
31,lang/java/avro/src/main/java/org/apache/avro/file/XZCodec.java,0,0,0,0,0,0,0,0,0,No
31,lang/java/avro/src/main/java/org/apache/avro/file/ZstandardCodec.java,0,0,0,0,0,0,0,0,0,No
31,lang/java/avro/src/main/java/org/apache/avro/file/ZstandardLoader.java,6,2,2,0,0,4,2,2,0,Yes
31,lang/java/avro/src/main/java/org/apache/avro/generic/GenericArray.java,0,0,0,0,0,0,0,0,0,No
31,lang/java/avro/src/main/java/org/apache/avro/generic/GenericContainer.java,0,0,0,0,0,0,0,0,0,No
31,lang/java/avro/src/main/java/org/apache/avro/generic/GenericData.java,196,9,5,153,64,89,21,9,17,Yes
31,lang/java/avro/src/main/java/org/apache/avro/generic/GenericDatumReader.java,103,6,3,30,9,57,18,9,5,Yes
31,lang/java/avro/src/main/java/org/apache/avro/generic/GenericDatumWriter.java,28,3,0,23,18,6,3,2,7,No
31,lang/java/avro/src/main/java/org/apache/avro/generic/GenericEnumSymbol.java,0,0,0,0,0,0,0,0,0,No
31,lang/java/avro/src/main/java/org/apache/avro/generic/GenericFixed.java,0,0,0,0,0,0,0,0,0,No
31,lang/java/avro/src/main/java/org/apache/avro/generic/GenericRecord.java,5,1,1,5,5,10,10,10,5,Yes
31,lang/java/avro/src/main/java/org/apache/avro/generic/GenericRecordBuilder.java,0,0,0,0,0,0,0,0,0,No
31,lang/java/avro/src/main/java/org/apache/avro/generic/IndexedRecord.java,0,0,0,0,0,0,0,0,0,No
31,lang/java/avro/src/main/java/org/apache/avro/io/BinaryData.java,20,2,0,0,0,3,2,1,0,No
31,lang/java/avro/src/main/java/org/apache/avro/io/BinaryDecoder.java,5,3,3,1,1,56,21,18,0,Yes
31,lang/java/avro/src/main/java/org/apache/avro/io/BinaryEncoder.java,0,0,0,0,0,0,0,0,0,No
31,lang/java/avro/src/main/java/org/apache/avro/io/BlockingBinaryEncoder.java,0,0,0,0,0,0,0,0,0,No
31,lang/java/avro/src/main/java/org/apache/avro/io/BufferedBinaryEncoder.java,3,1,0,1,1,10,10,10,1,No
31,lang/java/avro/src/main/java/org/apache/avro/io/DatumReader.java,0,0,0,0,0,0,0,0,0,No
31,lang/java/avro/src/main/java/org/apache/avro/io/DatumWriter.java,0,0,0,0,0,0,0,0,0,No
31,lang/java/avro/src/main/java/org/apache/avro/io/Decoder.java,0,0,0,0,0,0,0,0,0,No
31,lang/java/avro/src/main/java/org/apache/avro/io/DecoderFactory.java,0,0,0,0,0,0,0,0,0,No
31,lang/java/avro/src/main/java/org/apache/avro/io/DirectBinaryDecoder.java,3,1,1,1,1,21,21,21,1,Yes
31,lang/java/avro/src/main/java/org/apache/avro/io/DirectBinaryEncoder.java,3,1,0,1,1,10,10,10,1,No
31,lang/java/avro/src/main/java/org/apache/avro/io/Encoder.java,0,0,0,0,0,0,0,0,0,No
31,lang/java/avro/src/main/java/org/apache/avro/io/EncoderFactory.java,0,0,0,0,0,0,0,0,0,No
31,lang/java/avro/src/main/java/org/apache/avro/io/FastReaderBuilder.java,1230,4,2,1228,613,24,9,6,307,Yes
31,lang/java/avro/src/main/java/org/apache/avro/io/JsonDecoder.java,12,1,0,3,3,10,10,10,3,No
31,lang/java/avro/src/main/java/org/apache/avro/io/JsonEncoder.java,7,1,0,3,3,10,10,10,3,No
31,lang/java/avro/src/main/java/org/apache/avro/io/ParsingDecoder.java,2,1,0,0,0,1,1,1,0,No
31,lang/java/avro/src/main/java/org/apache/avro/io/ParsingEncoder.java,0,0,0,0,0,0,0,0,0,No
31,lang/java/avro/src/main/java/org/apache/avro/io/ReflectionUtils.java,146,2,0,146,73,18,9,9,73,No
31,lang/java/avro/src/main/java/org/apache/avro/io/ResolvingDecoder.java,23,3,2,5,3,45,18,15,1,Yes
31,lang/java/avro/src/main/java/org/apache/avro/io/ValidatingDecoder.java,4,1,0,1,1,10,10,10,1,No
31,lang/java/avro/src/main/java/org/apache/avro/io/ValidatingEncoder.java,0,0,0,0,0,0,0,0,0,No
31,lang/java/avro/src/main/java/org/apache/avro/io/parsing/JsonGrammarGenerator.java,0,0,0,0,0,0,0,0,0,No
31,lang/java/avro/src/main/java/org/apache/avro/io/parsing/Parser.java,10,2,2,0,0,35,18,17,0,Yes
31,lang/java/avro/src/main/java/org/apache/avro/io/parsing/ResolvingGrammarGenerator.java,38,6,4,8,4,57,18,9,1,Yes
31,lang/java/avro/src/main/java/org/apache/avro/io/parsing/SkipParser.java,0,0,0,0,0,0,0,0,0,No
31,lang/java/avro/src/main/java/org/apache/avro/io/parsing/Symbol.java,0,0,0,0,0,0,0,0,0,No
31,lang/java/avro/src/main/java/org/apache/avro/io/parsing/ValidatingGrammarGenerator.java,0,0,0,0,0,0,0,0,0,No
31,lang/java/avro/src/main/java/org/apache/avro/message/BadHeaderException.java,0,0,0,0,0,0,0,0,0,No
31,lang/java/avro/src/main/java/org/apache/avro/message/BinaryMessageDecoder.java,0,0,0,0,0,0,0,0,0,No
31,lang/java/avro/src/main/java/org/apache/avro/message/BinaryMessageEncoder.java,4,1,0,0,0,8,8,8,0,No
31,lang/java/avro/src/main/java/org/apache/avro/message/MessageDecoder.java,0,0,0,0,0,0,0,0,0,No
31,lang/java/avro/src/main/java/org/apache/avro/message/MessageEncoder.java,0,0,0,0,0,0,0,0,0,No
31,lang/java/avro/src/main/java/org/apache/avro/message/MissingSchemaException.java,0,0,0,0,0,0,0,0,0,No
31,lang/java/avro/src/main/java/org/apache/avro/message/RawMessageDecoder.java,0,0,0,0,0,0,0,0,0,No
31,lang/java/avro/src/main/java/org/apache/avro/message/RawMessageEncoder.java,4,1,0,0,0,8,8,8,0,No
31,lang/java/avro/src/main/java/org/apache/avro/message/SchemaStore.java,0,0,0,0,0,0,0,0,0,No
31,lang/java/avro/src/main/java/org/apache/avro/reflect/ArrayAccessor.java,0,0,0,0,0,0,0,0,0,No
31,lang/java/avro/src/main/java/org/apache/avro/reflect/AvroAlias.java,0,0,0,0,0,0,0,0,0,No
31,lang/java/avro/src/main/java/org/apache/avro/reflect/AvroAliases.java,0,0,0,0,0,0,0,0,0,No
31,lang/java/avro/src/main/java/org/apache/avro/reflect/AvroDefault.java,0,0,0,0,0,0,0,0,0,No
31,lang/java/avro/src/main/java/org/apache/avro/reflect/AvroDoc.java,0,0,0,0,0,0,0,0,0,No
31,lang/java/avro/src/main/java/org/apache/avro/reflect/AvroEncode.java,0,0,0,0,0,0,0,0,0,No
31,lang/java/avro/src/main/java/org/apache/avro/reflect/AvroIgnore.java,0,0,0,0,0,0,0,0,0,No
31,lang/java/avro/src/main/java/org/apache/avro/reflect/AvroMeta.java,0,0,0,0,0,0,0,0,0,No
31,lang/java/avro/src/main/java/org/apache/avro/reflect/AvroName.java,0,0,0,0,0,0,0,0,0,No
31,lang/java/avro/src/main/java/org/apache/avro/reflect/AvroSchema.java,0,0,0,0,0,0,0,0,0,No
31,lang/java/avro/src/main/java/org/apache/avro/reflect/CustomEncoding.java,0,0,0,0,0,0,0,0,0,No
31,lang/java/avro/src/main/java/org/apache/avro/reflect/DateAsLongEncoding.java,0,0,0,0,0,0,0,0,0,No
31,lang/java/avro/src/main/java/org/apache/avro/reflect/FieldAccess.java,0,0,0,0,0,0,0,0,0,No
31,lang/java/avro/src/main/java/org/apache/avro/reflect/FieldAccessReflect.java,0,0,0,0,0,0,0,0,0,No
31,lang/java/avro/src/main/java/org/apache/avro/reflect/FieldAccessUnsafe.java,0,0,0,0,0,0,0,0,0,No
31,lang/java/avro/src/main/java/org/apache/avro/reflect/FieldAccessor.java,0,0,0,0,0,0,0,0,0,No
31,lang/java/avro/src/main/java/org/apache/avro/reflect/MapEntry.java,4,1,0,0,0,8,8,8,0,No
31,lang/java/avro/src/main/java/org/apache/avro/reflect/Nullable.java,0,0,0,0,0,0,0,0,0,No
31,lang/java/avro/src/main/java/org/apache/avro/reflect/ReflectData.java,203,6,3,149,142,46,18,7,24,Yes
31,lang/java/avro/src/main/java/org/apache/avro/reflect/ReflectDatumReader.java,22,2,2,0,0,35,18,17,0,Yes
31,lang/java/avro/src/main/java/org/apache/avro/reflect/ReflectDatumWriter.java,3,1,0,0,0,2,2,2,0,No
31,lang/java/avro/src/main/java/org/apache/avro/reflect/ReflectionUtil.java,98,2,2,94,47,6,3,3,47,Yes
31,lang/java/avro/src/main/java/org/apache/avro/reflect/Stringable.java,0,0,0,0,0,0,0,0,0,No
31,lang/java/avro/src/main/java/org/apache/avro/reflect/Union.java,0,0,0,0,0,0,0,0,0,No
31,lang/java/avro/src/main/java/org/apache/avro/specific/AvroGenerated.java,0,0,0,0,0,0,0,0,0,No
31,lang/java/avro/src/main/java/org/apache/avro/specific/ExternalizableInput.java,0,0,0,0,0,0,0,0,0,No
31,lang/java/avro/src/main/java/org/apache/avro/specific/ExternalizableOutput.java,0,0,0,0,0,0,0,0,0,No
31,lang/java/avro/src/main/java/org/apache/avro/specific/FixedSize.java,0,0,0,0,0,0,0,0,0,No
31,lang/java/avro/src/main/java/org/apache/avro/specific/SpecificData.java,90,5,2,66,26,26,9,5,13,Yes
31,lang/java/avro/src/main/java/org/apache/avro/specific/SpecificDatumReader.java,14,2,2,0,0,35,18,17,0,Yes
31,lang/java/avro/src/main/java/org/apache/avro/specific/SpecificDatumWriter.java,0,0,0,0,0,0,0,0,0,No
31,lang/java/avro/src/main/java/org/apache/avro/specific/SpecificErrorBuilderBase.java,0,0,0,0,0,0,0,0,0,No
31,lang/java/avro/src/main/java/org/apache/avro/specific/SpecificExceptionBase.java,0,0,0,0,0,0,0,0,0,No
31,lang/java/avro/src/main/java/org/apache/avro/specific/SpecificFixed.java,0,0,0,0,0,0,0,0,0,No
31,lang/java/avro/src/main/java/org/apache/avro/specific/SpecificRecord.java,0,0,0,0,0,0,0,0,0,No
31,lang/java/avro/src/main/java/org/apache/avro/specific/SpecificRecordBase.java,3,1,1,1,1,10,10,10,1,Yes
31,lang/java/avro/src/main/java/org/apache/avro/specific/SpecificRecordBuilderBase.java,0,0,0,0,0,0,0,0,0,No
31,lang/java/avro/src/main/java/org/apache/avro/util/ByteBufferInputStream.java,0,0,0,0,0,0,0,0,0,No
31,lang/java/avro/src/main/java/org/apache/avro/util/ByteBufferOutputStream.java,5,1,1,2,2,21,21,21,2,Yes
31,lang/java/avro/src/main/java/org/apache/avro/util/ClassUtils.java,0,0,0,0,0,0,0,0,0,No
31,lang/java/avro/src/main/java/org/apache/avro/util/RandomData.java,2,1,1,1,1,21,21,21,1,Yes
31,lang/java/avro/src/main/java/org/apache/avro/util/ReusableByteArrayInputStream.java,0,0,0,0,0,0,0,0,0,No
31,lang/java/avro/src/main/java/org/apache/avro/util/ReusableByteBufferInputStream.java,5,1,1,1,1,21,21,21,1,Yes
31,lang/java/avro/src/main/java/org/apache/avro/util/Utf8.java,39,5,0,27,10,23,9,4,5,No
31,lang/java/avro/src/main/java/org/apache/avro/util/WeakIdentityHashMap.java,0,0,0,0,0,0,0,0,0,No
31,lang/java/avro/src/main/java/org/apache/avro/util/internal/Accessor.java,0,0,0,0,0,0,0,0,0,No
31,lang/java/avro/src/main/java/org/apache/avro/util/internal/JacksonUtils.java,46,5,3,31,17,43,18,8,6,Yes
31,lang/java/avro/src/test/java/NoPackage.java,0,0,0,0,0,0,0,0,0,No
31,lang/java/avro/src/test/java/org/apache/avro/BarRecord.java,0,0,0,0,0,0,0,0,0,No
31,lang/java/avro/src/test/java/org/apache/avro/ByteBufferRecord.java,0,0,0,0,0,0,0,0,0,No
31,lang/java/avro/src/test/java/org/apache/avro/FooBarSpecificRecord.java,0,0,0,0,0,0,0,0,0,No
31,lang/java/avro/src/test/java/org/apache/avro/FooRecord.java,0,0,0,0,0,0,0,0,0,No
31,lang/java/avro/src/test/java/org/apache/avro/GenerateBlockingData.java,0,0,0,0,0,0,0,0,0,No
31,lang/java/avro/src/test/java/org/apache/avro/TestCircularReferences.java,26,1,1,24,24,11,11,11,24,Yes
31,lang/java/avro/src/test/java/org/apache/avro/TestDataFile.java,22,1,0,0,0,26,26,26,0,No
31,lang/java/avro/src/test/java/org/apache/avro/TestDataFileConcat.java,0,0,0,0,0,0,0,0,0,No
31,lang/java/avro/src/test/java/org/apache/avro/TestDataFileCorruption.java,13,1,0,4,4,26,26,26,4,No
31,lang/java/avro/src/test/java/org/apache/avro/TestDataFileCustomSync.java,0,0,0,0,0,0,0,0,0,No
31,lang/java/avro/src/test/java/org/apache/avro/TestDataFileDeflate.java,7,1,0,0,0,26,26,26,0,No
31,lang/java/avro/src/test/java/org/apache/avro/TestDataFileMeta.java,13,1,0,0,0,26,26,26,0,No
31,lang/java/avro/src/test/java/org/apache/avro/TestDataFileReader.java,0,0,0,0,0,0,0,0,0,No
31,lang/java/avro/src/test/java/org/apache/avro/TestDataFileReflect.java,0,0,0,0,0,0,0,0,0,No
31,lang/java/avro/src/test/java/org/apache/avro/TestDecimalConversion.java,211,1,1,211,211,2,2,2,211,Yes
31,lang/java/avro/src/test/java/org/apache/avro/TestFixed.java,0,0,0,0,0,0,0,0,0,No
31,lang/java/avro/src/test/java/org/apache/avro/TestLogicalType.java,22,2,2,20,10,6,5,3,10,Yes
31,lang/java/avro/src/test/java/org/apache/avro/TestNestedRecords.java,0,0,0,0,0,0,0,0,0,No
31,lang/java/avro/src/test/java/org/apache/avro/TestProtocol.java,1,1,0,0,0,19,19,19,0,No
31,lang/java/avro/src/test/java/org/apache/avro/TestReadingWritingDataInEvolvedSchemas.java,2,1,1,1,1,10,10,10,1,Yes
31,lang/java/avro/src/test/java/org/apache/avro/TestSchema.java,156,3,1,155,140,24,19,8,51,Yes
31,lang/java/avro/src/test/java/org/apache/avro/TestSchemaBuilder.java,17,2,1,0,0,36,26,18,0,Yes
31,lang/java/avro/src/test/java/org/apache/avro/TestSchemaCompatibility.java,48,2,2,4,2,35,18,17,2,Yes
31,lang/java/avro/src/test/java/org/apache/avro/TestSchemaCompatibilityEnumDefaults.java,0,0,0,0,0,0,0,0,0,No
31,lang/java/avro/src/test/java/org/apache/avro/TestSchemaCompatibilityFixedSizeMismatch.java,0,0,0,0,0,0,0,0,0,No
31,lang/java/avro/src/test/java/org/apache/avro/TestSchemaCompatibilityMissingEnumSymbols.java,0,0,0,0,0,0,0,0,0,No
31,lang/java/avro/src/test/java/org/apache/avro/TestSchemaCompatibilityMissingUnionBranch.java,0,0,0,0,0,0,0,0,0,No
31,lang/java/avro/src/test/java/org/apache/avro/TestSchemaCompatibilityMultiple.java,0,0,0,0,0,0,0,0,0,No
31,lang/java/avro/src/test/java/org/apache/avro/TestSchemaCompatibilityNameMismatch.java,0,0,0,0,0,0,0,0,0,No
31,lang/java/avro/src/test/java/org/apache/avro/TestSchemaCompatibilityReaderFieldMissingDefaultValue.java,0,0,0,0,0,0,0,0,0,No
31,lang/java/avro/src/test/java/org/apache/avro/TestSchemaCompatibilityTypeMismatch.java,0,0,0,0,0,0,0,0,0,No
31,lang/java/avro/src/test/java/org/apache/avro/TestSchemaNormalization.java,0,0,0,0,0,0,0,0,0,No
31,lang/java/avro/src/test/java/org/apache/avro/TestSchemaValidation.java,1,1,0,0,0,19,19,19,0,No
31,lang/java/avro/src/test/java/org/apache/avro/TestSchemas.java,0,0,0,0,0,0,0,0,0,No
31,lang/java/avro/src/test/java/org/apache/avro/TestUnionSelfReference.java,0,0,0,0,0,0,0,0,0,No
31,lang/java/avro/src/test/java/org/apache/avro/TypeEnum.java,0,0,0,0,0,0,0,0,0,No
31,lang/java/avro/src/test/java/org/apache/avro/data/RecordBuilderBaseTest.java,0,0,0,0,0,0,0,0,0,No
31,lang/java/avro/src/test/java/org/apache/avro/data/TestTimeConversions.java,43,1,0,42,42,39,39,39,42,No
31,lang/java/avro/src/test/java/org/apache/avro/file/TestAllCodecs.java,0,0,0,0,0,0,0,0,0,No
31,lang/java/avro/src/test/java/org/apache/avro/file/TestCustomCodec.java,0,0,0,0,0,0,0,0,0,No
31,lang/java/avro/src/test/java/org/apache/avro/file/TestIOExceptionDuringWrite.java,0,0,0,0,0,0,0,0,0,No
31,lang/java/avro/src/test/java/org/apache/avro/file/TestSeekableByteArrayInput.java,0,0,0,0,0,0,0,0,0,No
31,lang/java/avro/src/test/java/org/apache/avro/file/TestZstandardCodec.java,0,0,0,0,0,0,0,0,0,No
31,lang/java/avro/src/test/java/org/apache/avro/file/codec/CustomCodec.java,0,0,0,0,0,0,0,0,0,No
31,lang/java/avro/src/test/java/org/apache/avro/generic/TestGenericConcreteEnum.java,0,0,0,0,0,0,0,0,0,No
31,lang/java/avro/src/test/java/org/apache/avro/generic/TestGenericData.java,5,2,1,0,0,29,19,14,0,Yes
31,lang/java/avro/src/test/java/org/apache/avro/generic/TestGenericDatumWriter.java,77,3,0,57,28,5,3,1,19,No
31,lang/java/avro/src/test/java/org/apache/avro/generic/TestGenericLogicalTypes.java,82,2,2,82,41,4,2,2,41,Yes
31,lang/java/avro/src/test/java/org/apache/avro/generic/TestGenericRecordBuilder.java,0,0,0,0,0,0,0,0,0,No
31,lang/java/avro/src/test/java/org/apache/avro/io/LegacyBinaryEncoder.java,0,0,0,0,0,0,0,0,0,No
31,lang/java/avro/src/test/java/org/apache/avro/io/TestBinaryData.java,41,1,0,41,41,2,2,2,41,No
31,lang/java/avro/src/test/java/org/apache/avro/io/TestBinaryDecoder.java,0,0,0,0,0,0,0,0,0,No
31,lang/java/avro/src/test/java/org/apache/avro/io/TestBinaryEncoderFidelity.java,0,0,0,0,0,0,0,0,0,No
31,lang/java/avro/src/test/java/org/apache/avro/io/TestBlockingIO.java,0,0,0,0,0,0,0,0,0,No
31,lang/java/avro/src/test/java/org/apache/avro/io/TestBlockingIO2.java,0,0,0,0,0,0,0,0,0,No
31,lang/java/avro/src/test/java/org/apache/avro/io/TestEncoders.java,0,0,0,0,0,0,0,0,0,No
31,lang/java/avro/src/test/java/org/apache/avro/io/TestJsonDecoder.java,0,0,0,0,0,0,0,0,0,No
31,lang/java/avro/src/test/java/org/apache/avro/io/TestResolvingIO.java,0,0,0,0,0,0,0,0,0,No
31,lang/java/avro/src/test/java/org/apache/avro/io/TestResolvingIOResolving.java,0,0,0,0,0,0,0,0,0,No
31,lang/java/avro/src/test/java/org/apache/avro/io/TestValidatingIO.java,0,0,0,0,0,0,0,0,0,No
31,lang/java/avro/src/test/java/org/apache/avro/io/parsing/SymbolTest.java,0,0,0,0,0,0,0,0,0,No
31,lang/java/avro/src/test/java/org/apache/avro/io/parsing/TestResolvingGrammarGenerator.java,0,0,0,0,0,0,0,0,0,No
31,lang/java/avro/src/test/java/org/apache/avro/io/parsing/TestResolvingGrammarGenerator2.java,0,0,0,0,0,0,0,0,0,No
31,lang/java/avro/src/test/java/org/apache/avro/message/TestBinaryMessageEncoding.java,0,0,0,0,0,0,0,0,0,No
31,lang/java/avro/src/test/java/org/apache/avro/reflect/TestByteBuffer.java,0,0,0,0,0,0,0,0,0,No
31,lang/java/avro/src/test/java/org/apache/avro/reflect/TestNonStringMapKeys.java,16,1,0,0,0,26,26,26,0,No
31,lang/java/avro/src/test/java/org/apache/avro/reflect/TestReflect.java,4,1,1,0,0,2,2,2,0,Yes
31,lang/java/avro/src/test/java/org/apache/avro/reflect/TestReflectAllowNulls.java,0,0,0,0,0,0,0,0,0,No
31,lang/java/avro/src/test/java/org/apache/avro/reflect/TestReflectData.java,73,2,0,63,48,5,3,2,31,No
31,lang/java/avro/src/test/java/org/apache/avro/reflect/TestReflectDatumReader.java,0,0,0,0,0,0,0,0,0,No
31,lang/java/avro/src/test/java/org/apache/avro/reflect/TestReflectLogicalTypes.java,5,1,1,5,5,11,11,11,5,Yes
31,lang/java/avro/src/test/java/org/apache/avro/reflect/TestReflectionUtil.java,0,0,0,0,0,0,0,0,0,No
31,lang/java/avro/src/test/java/org/apache/avro/specific/TestRecordWithLogicalTypes.java,207,1,0,102,102,39,39,39,102,No
31,lang/java/avro/src/test/java/org/apache/avro/specific/TestRecordWithoutLogicalTypes.java,0,0,0,0,0,0,0,0,0,No
31,lang/java/avro/src/test/java/org/apache/avro/specific/TestSpecificData.java,0,0,0,0,0,0,0,0,0,No
31,lang/java/avro/src/test/java/org/apache/avro/specific/TestSpecificToFromByteArray.java,33,1,0,5,5,39,39,39,5,No
31,lang/java/avro/src/test/java/org/apache/avro/util/CaseFinder.java,0,0,0,0,0,0,0,0,0,No
31,lang/java/avro/src/test/java/org/apache/avro/util/TestCaseFinder.java,0,0,0,0,0,0,0,0,0,No
31,lang/java/avro/src/test/java/org/apache/avro/util/TestUtf8.java,12,1,0,12,12,2,2,2,12,No
31,lang/java/avro/src/test/java/org/apache/avro/util/internal/TestJacksonUtils.java,4,1,0,4,4,2,2,2,4,No
31,lang/java/compiler/src/main/java/org/apache/avro/compiler/idl/ResolvingVisitor.java,0,0,0,0,0,0,0,0,0,No
31,lang/java/compiler/src/main/java/org/apache/avro/compiler/idl/SchemaResolver.java,1,1,1,0,0,1,1,1,0,Yes
31,lang/java/compiler/src/main/java/org/apache/avro/compiler/schema/CloningVisitor.java,0,0,0,0,0,0,0,0,0,No
31,lang/java/compiler/src/main/java/org/apache/avro/compiler/schema/SchemaVisitor.java,10,2,0,0,0,12,8,6,0,No
31,lang/java/compiler/src/main/java/org/apache/avro/compiler/schema/SchemaVisitorAction.java,0,0,0,0,0,0,0,0,0,No
31,lang/java/compiler/src/main/java/org/apache/avro/compiler/schema/Schemas.java,0,0,0,0,0,0,0,0,0,No
31,lang/java/compiler/src/main/java/org/apache/avro/compiler/specific/ProtocolTask.java,14,1,0,0,0,39,39,39,0,No
31,lang/java/compiler/src/main/java/org/apache/avro/compiler/specific/SchemaTask.java,3,1,0,0,0,39,39,39,0,No
31,lang/java/compiler/src/main/java/org/apache/avro/compiler/specific/SpecificCompiler.java,110,12,4,24,12,97,39,8,2,Yes
31,lang/java/compiler/src/test/java/org/apache/avro/compiler/idl/TestCycle.java,0,0,0,0,0,0,0,0,0,No
31,lang/java/compiler/src/test/java/org/apache/avro/compiler/idl/TestIdl.java,2,1,0,0,0,19,19,19,0,No
31,lang/java/compiler/src/test/java/org/apache/avro/compiler/idl/TestSchemaResolver.java,0,0,0,0,0,0,0,0,0,No
31,lang/java/compiler/src/test/java/org/apache/avro/compiler/schema/TestSchemas.java,0,0,0,0,0,0,0,0,0,No
31,lang/java/compiler/src/test/java/org/apache/avro/compiler/specific/TestSpecificCompiler.java,134,6,0,42,20,71,39,11,7,No
31,lang/java/compiler/src/test/java/org/apache/avro/specific/TestGeneratedCode.java,0,0,0,0,0,0,0,0,0,No
31,lang/java/grpc/src/main/java/org/apache/avro/grpc/AvroGrpcClient.java,2,1,0,0,0,19,19,19,0,No
31,lang/java/grpc/src/main/java/org/apache/avro/grpc/AvroGrpcServer.java,0,0,0,0,0,0,0,0,0,No
31,lang/java/grpc/src/main/java/org/apache/avro/grpc/AvroGrpcUtils.java,0,0,0,0,0,0,0,0,0,No
31,lang/java/grpc/src/main/java/org/apache/avro/grpc/AvroInputStream.java,0,0,0,0,0,0,0,0,0,No
31,lang/java/grpc/src/main/java/org/apache/avro/grpc/AvroRequestMarshaller.java,3,1,0,1,1,3,3,3,1,No
31,lang/java/grpc/src/main/java/org/apache/avro/grpc/AvroResponseMarshaller.java,3,1,0,1,1,3,3,3,1,No
31,lang/java/grpc/src/main/java/org/apache/avro/grpc/ServiceDescriptor.java,1,1,0,0,0,19,19,19,0,No
31,lang/java/grpc/src/test/java/org/apache/avro/grpc/TestAvroMarshaller.java,0,0,0,0,0,0,0,0,0,No
31,lang/java/grpc/src/test/java/org/apache/avro/grpc/TestAvroProtocolGrpc.java,0,0,0,0,0,0,0,0,0,No
31,lang/java/integration-test/codegen-test/src/test/java/org/apache/avro/codegentest/AbstractSpecificRecordTest.java,0,0,0,0,0,0,0,0,0,No
31,lang/java/integration-test/codegen-test/src/test/java/org/apache/avro/codegentest/TestCustomConversion.java,12,1,1,7,7,11,11,11,7,Yes
31,lang/java/integration-test/codegen-test/src/test/java/org/apache/avro/codegentest/TestLogicalTypeForStringType.java,92,2,2,92,46,8,4,4,46,Yes
31,lang/java/integration-test/codegen-test/src/test/java/org/apache/avro/codegentest/TestLogicalTypesWithDefaults.java,0,0,0,0,0,0,0,0,0,No
31,lang/java/integration-test/codegen-test/src/test/java/org/apache/avro/codegentest/TestNestedLogicalTypes.java,13,1,1,10,10,5,5,5,10,Yes
31,lang/java/integration-test/codegen-test/src/test/java/org/apache/avro/codegentest/TestNestedRecordsWithDifferentNamespaces.java,0,0,0,0,0,0,0,0,0,No
31,lang/java/integration-test/codegen-test/src/test/java/org/apache/avro/codegentest/TestNullableLogicalTypes.java,0,0,0,0,0,0,0,0,0,No
31,lang/java/integration-test/test-custom-conversions/src/main/java/org/apache/avro/codegentest/CustomDecimal.java,4,1,1,4,4,5,5,5,4,Yes
31,lang/java/integration-test/test-custom-conversions/src/main/java/org/apache/avro/codegentest/CustomDecimalConversion.java,24,1,1,24,24,5,5,5,24,Yes
31,lang/java/integration-test/test-custom-conversions/src/main/java/org/apache/avro/codegentest/FixedSizeString.java,65,1,1,65,65,11,11,11,65,Yes
31,lang/java/integration-test/test-custom-conversions/src/main/java/org/apache/avro/codegentest/FixedSizeStringConversion.java,63,1,1,63,63,11,11,11,63,Yes
31,lang/java/integration-test/test-custom-conversions/src/main/java/org/apache/avro/codegentest/FixedSizeStringFactory.java,38,1,1,38,38,11,11,11,38,Yes
31,lang/java/integration-test/test-custom-conversions/src/main/java/org/apache/avro/codegentest/FixedSizeStringLogicalType.java,65,1,1,65,65,11,11,11,65,Yes
31,lang/java/ipc-jetty/src/main/java/org/apache/avro/ipc/jetty/HttpServer.java,0,0,0,0,0,0,0,0,0,No
31,lang/java/ipc-jetty/src/main/java/org/apache/avro/ipc/jetty/StaticServlet.java,0,0,0,0,0,0,0,0,0,No
31,lang/java/ipc-jetty/src/main/java/org/apache/avro/ipc/jetty/StatsServer.java,0,0,0,0,0,0,0,0,0,No
31,lang/java/ipc-jetty/src/test/java/org/apache/avro/ipc/jetty/StatsPluginOverhead.java,0,0,0,0,0,0,0,0,0,No
31,lang/java/ipc-jetty/src/test/java/org/apache/avro/ipc/jetty/TestBulkData.java,0,0,0,0,0,0,0,0,0,No
31,lang/java/ipc-jetty/src/test/java/org/apache/avro/ipc/jetty/TestProtocolHttp.java,0,0,0,0,0,0,0,0,0,No
31,lang/java/ipc-jetty/src/test/java/org/apache/avro/ipc/jetty/TestProtocolHttps.java,0,0,0,0,0,0,0,0,0,No
31,lang/java/ipc-jetty/src/test/java/org/apache/avro/ipc/jetty/TestStatsPluginAndServlet.java,0,0,0,0,0,0,0,0,0,No
31,lang/java/ipc-netty/src/main/java/org/apache/avro/ipc/netty/NettyServer.java,221,5,0,13,8,57,19,11,2,No
31,lang/java/ipc-netty/src/main/java/org/apache/avro/ipc/netty/NettyTransceiver.java,353,6,0,67,23,69,19,11,11,No
31,lang/java/ipc-netty/src/main/java/org/apache/avro/ipc/netty/NettyTransportCodec.java,58,3,1,5,2,55,21,18,1,Yes
31,lang/java/ipc-netty/src/test/java/org/apache/avro/ipc/netty/TestNettyServer.java,53,4,0,8,4,63,26,15,2,No
31,lang/java/ipc-netty/src/test/java/org/apache/avro/ipc/netty/TestNettyServerConcurrentExecution.java,16,2,0,4,2,34,17,17,2,No
31,lang/java/ipc-netty/src/test/java/org/apache/avro/ipc/netty/TestNettyServerWithCallbacks.java,10,2,0,2,1,34,17,17,1,No
31,lang/java/ipc-netty/src/test/java/org/apache/avro/ipc/netty/TestNettyServerWithCompression.java,116,2,0,0,0,34,17,17,0,No
31,lang/java/ipc-netty/src/test/java/org/apache/avro/ipc/netty/TestNettyServerWithSSL.java,148,2,0,2,1,34,17,17,1,No
31,lang/java/ipc-netty/src/test/java/org/apache/avro/ipc/netty/TestNettyTransceiverWhenFailsToConnect.java,101,3,0,100,50,35,17,11,33,No
31,lang/java/ipc-netty/src/test/java/org/apache/avro/ipc/netty/TestNettyTransceiverWhenServerStops.java,2,2,0,0,0,34,17,17,0,No
31,lang/java/ipc-netty/src/test/java/org/apache/avro/ipc/netty/TestProtocolNetty.java,2,2,0,0,0,34,17,17,0,No
31,lang/java/ipc/src/main/java/org/apache/avro/ipc/CallFuture.java,0,0,0,0,0,0,0,0,0,No
31,lang/java/ipc/src/main/java/org/apache/avro/ipc/Callback.java,0,0,0,0,0,0,0,0,0,No
31,lang/java/ipc/src/main/java/org/apache/avro/ipc/DatagramServer.java,0,0,0,0,0,0,0,0,0,No
31,lang/java/ipc/src/main/java/org/apache/avro/ipc/DatagramTransceiver.java,7,1,1,1,1,21,21,21,1,Yes
31,lang/java/ipc/src/main/java/org/apache/avro/ipc/HttpTransceiver.java,4,1,1,1,1,21,21,21,1,Yes
31,lang/java/ipc/src/main/java/org/apache/avro/ipc/Ipc.java,1,1,0,0,0,1,1,1,0,No
31,lang/java/ipc/src/main/java/org/apache/avro/ipc/LocalTransceiver.java,0,0,0,0,0,0,0,0,0,No
31,lang/java/ipc/src/main/java/org/apache/avro/ipc/RPCContext.java,0,0,0,0,0,0,0,0,0,No
31,lang/java/ipc/src/main/java/org/apache/avro/ipc/RPCPlugin.java,0,0,0,0,0,0,0,0,0,No
31,lang/java/ipc/src/main/java/org/apache/avro/ipc/Requestor.java,0,0,0,0,0,0,0,0,0,No
31,lang/java/ipc/src/main/java/org/apache/avro/ipc/Responder.java,0,0,0,0,0,0,0,0,0,No
31,lang/java/ipc/src/main/java/org/apache/avro/ipc/ResponderServlet.java,0,0,0,0,0,0,0,0,0,No
31,lang/java/ipc/src/main/java/org/apache/avro/ipc/SaslSocketServer.java,0,0,0,0,0,0,0,0,0,No
31,lang/java/ipc/src/main/java/org/apache/avro/ipc/SaslSocketTransceiver.java,15,2,1,1,1,40,21,20,0,Yes
31,lang/java/ipc/src/main/java/org/apache/avro/ipc/Server.java,0,0,0,0,0,0,0,0,0,No
31,lang/java/ipc/src/main/java/org/apache/avro/ipc/SocketServer.java,0,0,0,0,0,0,0,0,0,No
31,lang/java/ipc/src/main/java/org/apache/avro/ipc/SocketTransceiver.java,6,1,1,1,1,21,21,21,1,Yes
31,lang/java/ipc/src/main/java/org/apache/avro/ipc/Transceiver.java,0,0,0,0,0,0,0,0,0,No
31,lang/java/ipc/src/main/java/org/apache/avro/ipc/generic/GenericRequestor.java,0,0,0,0,0,0,0,0,0,No
31,lang/java/ipc/src/main/java/org/apache/avro/ipc/generic/GenericResponder.java,0,0,0,0,0,0,0,0,0,No
31,lang/java/ipc/src/main/java/org/apache/avro/ipc/reflect/ReflectRequestor.java,0,0,0,0,0,0,0,0,0,No
31,lang/java/ipc/src/main/java/org/apache/avro/ipc/reflect/ReflectResponder.java,0,0,0,0,0,0,0,0,0,No
31,lang/java/ipc/src/main/java/org/apache/avro/ipc/specific/SpecificRequestor.java,0,0,0,0,0,0,0,0,0,No
31,lang/java/ipc/src/main/java/org/apache/avro/ipc/specific/SpecificResponder.java,0,0,0,0,0,0,0,0,0,No
31,lang/java/ipc/src/main/java/org/apache/avro/ipc/stats/FloatHistogram.java,0,0,0,0,0,0,0,0,0,No
31,lang/java/ipc/src/main/java/org/apache/avro/ipc/stats/Histogram.java,0,0,0,0,0,0,0,0,0,No
31,lang/java/ipc/src/main/java/org/apache/avro/ipc/stats/IntegerHistogram.java,0,0,0,0,0,0,0,0,0,No
31,lang/java/ipc/src/main/java/org/apache/avro/ipc/stats/StatsPlugin.java,0,0,0,0,0,0,0,0,0,No
31,lang/java/ipc/src/main/java/org/apache/avro/ipc/stats/StatsServlet.java,3,1,0,0,0,19,19,19,0,No
31,lang/java/ipc/src/main/java/org/apache/avro/ipc/stats/Stopwatch.java,0,0,0,0,0,0,0,0,0,No
31,lang/java/ipc/src/test/java/org/apache/avro/DataFileInteropTest.java,0,0,0,0,0,0,0,0,0,No
31,lang/java/ipc/src/test/java/org/apache/avro/RPCMetaTestPlugin.java,0,0,0,0,0,0,0,0,0,No
31,lang/java/ipc/src/test/java/org/apache/avro/SimpleException.java,0,0,0,0,0,0,0,0,0,No
31,lang/java/ipc/src/test/java/org/apache/avro/TestAnnotation.java,0,0,0,0,0,0,0,0,0,No
31,lang/java/ipc/src/test/java/org/apache/avro/TestCompare.java,0,0,0,0,0,0,0,0,0,No
31,lang/java/ipc/src/test/java/org/apache/avro/TestDataFileSpecific.java,0,0,0,0,0,0,0,0,0,No
31,lang/java/ipc/src/test/java/org/apache/avro/TestNamespaceReflect.java,0,0,0,0,0,0,0,0,0,No
31,lang/java/ipc/src/test/java/org/apache/avro/TestNamespaceSpecific.java,0,0,0,0,0,0,0,0,0,No
31,lang/java/ipc/src/test/java/org/apache/avro/TestProtocolDatagram.java,0,0,0,0,0,0,0,0,0,No
31,lang/java/ipc/src/test/java/org/apache/avro/TestProtocolGeneric.java,0,0,0,0,0,0,0,0,0,No
31,lang/java/ipc/src/test/java/org/apache/avro/TestProtocolGenericMeta.java,0,0,0,0,0,0,0,0,0,No
31,lang/java/ipc/src/test/java/org/apache/avro/TestProtocolParsing.java,0,0,0,0,0,0,0,0,0,No
31,lang/java/ipc/src/test/java/org/apache/avro/TestProtocolReflect.java,0,0,0,0,0,0,0,0,0,No
31,lang/java/ipc/src/test/java/org/apache/avro/TestProtocolReflectMeta.java,0,0,0,0,0,0,0,0,0,No
31,lang/java/ipc/src/test/java/org/apache/avro/TestProtocolSpecific.java,16,3,0,0,0,31,26,10,0,No
31,lang/java/ipc/src/test/java/org/apache/avro/TestProtocolSpecificMeta.java,0,0,0,0,0,0,0,0,0,No
31,lang/java/ipc/src/test/java/org/apache/avro/TestSchema.java,10,1,0,10,10,2,2,2,10,No
31,lang/java/ipc/src/test/java/org/apache/avro/compiler/specific/TestSpecificCompiler.java,17,2,1,16,16,5,4,2,8,Yes
31,lang/java/ipc/src/test/java/org/apache/avro/generic/TestDeepCopy.java,27,1,1,27,27,3,3,3,27,Yes
31,lang/java/ipc/src/test/java/org/apache/avro/io/Perf.java,1,1,1,1,1,1,1,1,1,Yes
31,lang/java/ipc/src/test/java/org/apache/avro/ipc/TestLocalTransceiver.java,0,0,0,0,0,0,0,0,0,No
31,lang/java/ipc/src/test/java/org/apache/avro/ipc/TestRpcPluginOrdering.java,0,0,0,0,0,0,0,0,0,No
31,lang/java/ipc/src/test/java/org/apache/avro/ipc/TestSaslAnonymous.java,1,1,0,0,0,19,19,19,0,No
31,lang/java/ipc/src/test/java/org/apache/avro/ipc/TestSaslDigestMd5.java,0,0,0,0,0,0,0,0,0,No
31,lang/java/ipc/src/test/java/org/apache/avro/ipc/specific/TestSpecificRequestor.java,0,0,0,0,0,0,0,0,0,No
31,lang/java/ipc/src/test/java/org/apache/avro/ipc/stats/FakeTicks.java,0,0,0,0,0,0,0,0,0,No
31,lang/java/ipc/src/test/java/org/apache/avro/ipc/stats/TestHistogram.java,0,0,0,0,0,0,0,0,0,No
31,lang/java/ipc/src/test/java/org/apache/avro/ipc/stats/TestStopwatch.java,0,0,0,0,0,0,0,0,0,No
31,lang/java/ipc/src/test/java/org/apache/avro/message/TestCustomSchemaStore.java,0,0,0,0,0,0,0,0,0,No
31,lang/java/ipc/src/test/java/org/apache/avro/specific/TestSpecificBuilderTree.java,0,0,0,0,0,0,0,0,0,No
31,lang/java/ipc/src/test/java/org/apache/avro/specific/TestSpecificData.java,0,0,0,0,0,0,0,0,0,No
31,lang/java/ipc/src/test/java/org/apache/avro/specific/TestSpecificDatumReader.java,0,0,0,0,0,0,0,0,0,No
31,lang/java/ipc/src/test/java/org/apache/avro/specific/TestSpecificDatumWriter.java,0,0,0,0,0,0,0,0,0,No
31,lang/java/ipc/src/test/java/org/apache/avro/specific/TestSpecificErrorBuilder.java,0,0,0,0,0,0,0,0,0,No
31,lang/java/ipc/src/test/java/org/apache/avro/specific/TestSpecificRecordBuilder.java,6,1,0,0,0,4,4,4,0,No
31,lang/java/mapred/src/main/java/org/apache/avro/hadoop/file/HadoopCodecFactory.java,0,0,0,0,0,0,0,0,0,No
31,lang/java/mapred/src/main/java/org/apache/avro/hadoop/file/SortedKeyValueFile.java,11,1,0,0,0,3,3,3,0,No
31,lang/java/mapred/src/main/java/org/apache/avro/hadoop/io/AvroDatumConverter.java,0,0,0,0,0,0,0,0,0,No
31,lang/java/mapred/src/main/java/org/apache/avro/hadoop/io/AvroDatumConverterFactory.java,0,0,0,0,0,0,0,0,0,No
31,lang/java/mapred/src/main/java/org/apache/avro/hadoop/io/AvroDeserializer.java,0,0,0,0,0,0,0,0,0,No
31,lang/java/mapred/src/main/java/org/apache/avro/hadoop/io/AvroKeyComparator.java,0,0,0,0,0,0,0,0,0,No
31,lang/java/mapred/src/main/java/org/apache/avro/hadoop/io/AvroKeyDeserializer.java,0,0,0,0,0,0,0,0,0,No
31,lang/java/mapred/src/main/java/org/apache/avro/hadoop/io/AvroKeyValue.java,0,0,0,0,0,0,0,0,0,No
31,lang/java/mapred/src/main/java/org/apache/avro/hadoop/io/AvroSequenceFile.java,6,2,0,0,0,11,8,5,0,No
31,lang/java/mapred/src/main/java/org/apache/avro/hadoop/io/AvroSerialization.java,0,0,0,0,0,0,0,0,0,No
31,lang/java/mapred/src/main/java/org/apache/avro/hadoop/io/AvroSerializer.java,0,0,0,0,0,0,0,0,0,No
31,lang/java/mapred/src/main/java/org/apache/avro/hadoop/io/AvroValueDeserializer.java,0,0,0,0,0,0,0,0,0,No
31,lang/java/mapred/src/main/java/org/apache/avro/hadoop/util/AvroCharSequenceComparator.java,0,0,0,0,0,0,0,0,0,No
31,lang/java/mapred/src/main/java/org/apache/avro/mapred/AvroAsTextInputFormat.java,0,0,0,0,0,0,0,0,0,No
31,lang/java/mapred/src/main/java/org/apache/avro/mapred/AvroAsTextRecordReader.java,0,0,0,0,0,0,0,0,0,No
31,lang/java/mapred/src/main/java/org/apache/avro/mapred/AvroCollector.java,0,0,0,0,0,0,0,0,0,No
31,lang/java/mapred/src/main/java/org/apache/avro/mapred/AvroInputFormat.java,7,1,0,2,2,1,1,1,2,No
31,lang/java/mapred/src/main/java/org/apache/avro/mapred/AvroJob.java,0,0,0,0,0,0,0,0,0,No
31,lang/java/mapred/src/main/java/org/apache/avro/mapred/AvroKey.java,0,0,0,0,0,0,0,0,0,No
31,lang/java/mapred/src/main/java/org/apache/avro/mapred/AvroKeyComparator.java,0,0,0,0,0,0,0,0,0,No
31,lang/java/mapred/src/main/java/org/apache/avro/mapred/AvroMapper.java,0,0,0,0,0,0,0,0,0,No
31,lang/java/mapred/src/main/java/org/apache/avro/mapred/AvroMultipleInputs.java,22,2,0,10,5,6,3,3,5,No
31,lang/java/mapred/src/main/java/org/apache/avro/mapred/AvroMultipleOutputs.java,12,1,0,0,0,19,19,19,0,No
31,lang/java/mapred/src/main/java/org/apache/avro/mapred/AvroOutputFormat.java,0,0,0,0,0,0,0,0,0,No
31,lang/java/mapred/src/main/java/org/apache/avro/mapred/AvroRecordReader.java,0,0,0,0,0,0,0,0,0,No
31,lang/java/mapred/src/main/java/org/apache/avro/mapred/AvroReducer.java,0,0,0,0,0,0,0,0,0,No
31,lang/java/mapred/src/main/java/org/apache/avro/mapred/AvroSerialization.java,0,0,0,0,0,0,0,0,0,No
31,lang/java/mapred/src/main/java/org/apache/avro/mapred/AvroTextOutputFormat.java,2,1,1,1,1,21,21,21,1,Yes
31,lang/java/mapred/src/main/java/org/apache/avro/mapred/AvroUtf8InputFormat.java,0,0,0,0,0,0,0,0,0,No
31,lang/java/mapred/src/main/java/org/apache/avro/mapred/AvroValue.java,0,0,0,0,0,0,0,0,0,No
31,lang/java/mapred/src/main/java/org/apache/avro/mapred/AvroWrapper.java,0,0,0,0,0,0,0,0,0,No
31,lang/java/mapred/src/main/java/org/apache/avro/mapred/DelegatingInputFormat.java,14,2,0,6,3,6,3,3,3,No
31,lang/java/mapred/src/main/java/org/apache/avro/mapred/DelegatingMapper.java,0,0,0,0,0,0,0,0,0,No
31,lang/java/mapred/src/main/java/org/apache/avro/mapred/FsInput.java,0,0,0,0,0,0,0,0,0,No
31,lang/java/mapred/src/main/java/org/apache/avro/mapred/HadoopCombiner.java,0,0,0,0,0,0,0,0,0,No
31,lang/java/mapred/src/main/java/org/apache/avro/mapred/HadoopMapper.java,0,0,0,0,0,0,0,0,0,No
31,lang/java/mapred/src/main/java/org/apache/avro/mapred/HadoopReducer.java,0,0,0,0,0,0,0,0,0,No
31,lang/java/mapred/src/main/java/org/apache/avro/mapred/HadoopReducerBase.java,0,0,0,0,0,0,0,0,0,No
31,lang/java/mapred/src/main/java/org/apache/avro/mapred/MapCollector.java,0,0,0,0,0,0,0,0,0,No
31,lang/java/mapred/src/main/java/org/apache/avro/mapred/Pair.java,4,1,0,0,0,5,5,5,0,No
31,lang/java/mapred/src/main/java/org/apache/avro/mapred/SequenceFileInputFormat.java,0,0,0,0,0,0,0,0,0,No
31,lang/java/mapred/src/main/java/org/apache/avro/mapred/SequenceFileReader.java,0,0,0,0,0,0,0,0,0,No
31,lang/java/mapred/src/main/java/org/apache/avro/mapred/SequenceFileRecordReader.java,0,0,0,0,0,0,0,0,0,No
31,lang/java/mapred/src/main/java/org/apache/avro/mapred/TaggedInputSplit.java,0,0,0,0,0,0,0,0,0,No
31,lang/java/mapred/src/main/java/org/apache/avro/mapred/tether/TetherData.java,0,0,0,0,0,0,0,0,0,No
31,lang/java/mapred/src/main/java/org/apache/avro/mapred/tether/TetherInputFormat.java,0,0,0,0,0,0,0,0,0,No
31,lang/java/mapred/src/main/java/org/apache/avro/mapred/tether/TetherJob.java,7,3,0,1,1,17,8,5,0,No
31,lang/java/mapred/src/main/java/org/apache/avro/mapred/tether/TetherKeyComparator.java,0,0,0,0,0,0,0,0,0,No
31,lang/java/mapred/src/main/java/org/apache/avro/mapred/tether/TetherKeySerialization.java,0,0,0,0,0,0,0,0,0,No
31,lang/java/mapred/src/main/java/org/apache/avro/mapred/tether/TetherMapRunner.java,0,0,0,0,0,0,0,0,0,No
31,lang/java/mapred/src/main/java/org/apache/avro/mapred/tether/TetherOutputFormat.java,0,0,0,0,0,0,0,0,0,No
31,lang/java/mapred/src/main/java/org/apache/avro/mapred/tether/TetherOutputService.java,0,0,0,0,0,0,0,0,0,No
31,lang/java/mapred/src/main/java/org/apache/avro/mapred/tether/TetherPartitioner.java,0,0,0,0,0,0,0,0,0,No
31,lang/java/mapred/src/main/java/org/apache/avro/mapred/tether/TetherRecordReader.java,0,0,0,0,0,0,0,0,0,No
31,lang/java/mapred/src/main/java/org/apache/avro/mapred/tether/TetherReducer.java,0,0,0,0,0,0,0,0,0,No
31,lang/java/mapred/src/main/java/org/apache/avro/mapred/tether/TetheredProcess.java,2,2,0,0,0,6,3,3,0,No
31,lang/java/mapred/src/main/java/org/apache/avro/mapreduce/AvroJob.java,0,0,0,0,0,0,0,0,0,No
31,lang/java/mapred/src/main/java/org/apache/avro/mapreduce/AvroKeyInputFormat.java,0,0,0,0,0,0,0,0,0,No
31,lang/java/mapred/src/main/java/org/apache/avro/mapreduce/AvroKeyOutputFormat.java,0,0,0,0,0,0,0,0,0,No
31,lang/java/mapred/src/main/java/org/apache/avro/mapreduce/AvroKeyRecordReader.java,0,0,0,0,0,0,0,0,0,No
31,lang/java/mapred/src/main/java/org/apache/avro/mapreduce/AvroKeyRecordWriter.java,0,0,0,0,0,0,0,0,0,No
31,lang/java/mapred/src/main/java/org/apache/avro/mapreduce/AvroKeyValueInputFormat.java,0,0,0,0,0,0,0,0,0,No
31,lang/java/mapred/src/main/java/org/apache/avro/mapreduce/AvroKeyValueOutputFormat.java,0,0,0,0,0,0,0,0,0,No
31,lang/java/mapred/src/main/java/org/apache/avro/mapreduce/AvroKeyValueRecordReader.java,0,0,0,0,0,0,0,0,0,No
31,lang/java/mapred/src/main/java/org/apache/avro/mapreduce/AvroKeyValueRecordWriter.java,0,0,0,0,0,0,0,0,0,No
31,lang/java/mapred/src/main/java/org/apache/avro/mapreduce/AvroMultipleOutputs.java,0,0,0,0,0,0,0,0,0,No
31,lang/java/mapred/src/main/java/org/apache/avro/mapreduce/AvroOutputFormatBase.java,0,0,0,0,0,0,0,0,0,No
31,lang/java/mapred/src/main/java/org/apache/avro/mapreduce/AvroRecordReaderBase.java,0,0,0,0,0,0,0,0,0,No
31,lang/java/mapred/src/main/java/org/apache/avro/mapreduce/AvroSequenceFileInputFormat.java,0,0,0,0,0,0,0,0,0,No
31,lang/java/mapred/src/main/java/org/apache/avro/mapreduce/AvroSequenceFileOutputFormat.java,0,0,0,0,0,0,0,0,0,No
31,lang/java/mapred/src/main/java/org/apache/avro/mapreduce/CombineAvroKeyValueFileInputFormat.java,0,0,0,0,0,0,0,0,0,No
31,lang/java/mapred/src/main/java/org/apache/avro/mapreduce/Syncable.java,0,0,0,0,0,0,0,0,0,No
31,lang/java/mapred/src/test/java/org/apache/avro/hadoop/file/TestHadoopCodecFactory.java,0,0,0,0,0,0,0,0,0,No
31,lang/java/mapred/src/test/java/org/apache/avro/hadoop/file/TestSortedKeyValueFile.java,1,1,0,0,0,19,19,19,0,No
31,lang/java/mapred/src/test/java/org/apache/avro/hadoop/io/TestAvroDatumConverterFactory.java,0,0,0,0,0,0,0,0,0,No
31,lang/java/mapred/src/test/java/org/apache/avro/hadoop/io/TestAvroKeyDeserializer.java,0,0,0,0,0,0,0,0,0,No
31,lang/java/mapred/src/test/java/org/apache/avro/hadoop/io/TestAvroSequenceFile.java,61,1,0,0,0,26,26,26,0,No
31,lang/java/mapred/src/test/java/org/apache/avro/hadoop/io/TestAvroSerialization.java,0,0,0,0,0,0,0,0,0,No
31,lang/java/mapred/src/test/java/org/apache/avro/hadoop/io/TestAvroSerializer.java,0,0,0,0,0,0,0,0,0,No
31,lang/java/mapred/src/test/java/org/apache/avro/hadoop/io/TestAvroValueDeserializer.java,0,0,0,0,0,0,0,0,0,No
31,lang/java/mapred/src/test/java/org/apache/avro/hadoop/util/TestAvroCharSequenceComparator.java,0,0,0,0,0,0,0,0,0,No
31,lang/java/mapred/src/test/java/org/apache/avro/mapred/TestAvroInputFormat.java,0,0,0,0,0,0,0,0,0,No
31,lang/java/mapred/src/test/java/org/apache/avro/mapred/TestAvroMultipleInputs.java,0,0,0,0,0,0,0,0,0,No
31,lang/java/mapred/src/test/java/org/apache/avro/mapred/TestAvroMultipleOutputs.java,0,0,0,0,0,0,0,0,0,No
31,lang/java/mapred/src/test/java/org/apache/avro/mapred/TestAvroOutputFormat.java,0,0,0,0,0,0,0,0,0,No
31,lang/java/mapred/src/test/java/org/apache/avro/mapred/TestAvroTextOutputFormat.java,1,1,0,1,1,26,26,26,1,No
31,lang/java/mapred/src/test/java/org/apache/avro/mapred/TestAvroTextSort.java,0,0,0,0,0,0,0,0,0,No
31,lang/java/mapred/src/test/java/org/apache/avro/mapred/TestAvroWrapper.java,0,0,0,0,0,0,0,0,0,No
31,lang/java/mapred/src/test/java/org/apache/avro/mapred/TestGenericJob.java,0,0,0,0,0,0,0,0,0,No
31,lang/java/mapred/src/test/java/org/apache/avro/mapred/TestPair.java,0,0,0,0,0,0,0,0,0,No
31,lang/java/mapred/src/test/java/org/apache/avro/mapred/TestReflectJob.java,0,0,0,0,0,0,0,0,0,No
31,lang/java/mapred/src/test/java/org/apache/avro/mapred/TestSequenceFileReader.java,0,0,0,0,0,0,0,0,0,No
31,lang/java/mapred/src/test/java/org/apache/avro/mapred/TestWeather.java,0,0,0,0,0,0,0,0,0,No
31,lang/java/mapred/src/test/java/org/apache/avro/mapred/TestWordCount.java,0,0,0,0,0,0,0,0,0,No
31,lang/java/mapred/src/test/java/org/apache/avro/mapred/WordCountUtil.java,0,0,0,0,0,0,0,0,0,No
31,lang/java/mapred/src/test/java/org/apache/avro/mapred/tether/TestWordCountTether.java,4,1,0,0,0,26,26,26,0,No
31,lang/java/mapred/src/test/java/org/apache/avro/mapred/tether/TetherTask.java,0,0,0,0,0,0,0,0,0,No
31,lang/java/mapred/src/test/java/org/apache/avro/mapred/tether/TetherTaskRunner.java,0,0,0,0,0,0,0,0,0,No
31,lang/java/mapred/src/test/java/org/apache/avro/mapred/tether/WordCountTask.java,0,0,0,0,0,0,0,0,0,No
31,lang/java/mapred/src/test/java/org/apache/avro/mapreduce/AvroFiles.java,0,0,0,0,0,0,0,0,0,No
31,lang/java/mapred/src/test/java/org/apache/avro/mapreduce/TestAvroKeyInputFormat.java,0,0,0,0,0,0,0,0,0,No
31,lang/java/mapred/src/test/java/org/apache/avro/mapreduce/TestAvroKeyOutputFormat.java,0,0,0,0,0,0,0,0,0,No
31,lang/java/mapred/src/test/java/org/apache/avro/mapreduce/TestAvroKeyRecordReader.java,0,0,0,0,0,0,0,0,0,No
31,lang/java/mapred/src/test/java/org/apache/avro/mapreduce/TestAvroKeyRecordWriter.java,0,0,0,0,0,0,0,0,0,No
31,lang/java/mapred/src/test/java/org/apache/avro/mapreduce/TestAvroKeyValueRecordReader.java,0,0,0,0,0,0,0,0,0,No
31,lang/java/mapred/src/test/java/org/apache/avro/mapreduce/TestAvroKeyValueRecordWriter.java,1,1,0,1,1,26,26,26,1,No
31,lang/java/mapred/src/test/java/org/apache/avro/mapreduce/TestAvroMultipleOutputs.java,0,0,0,0,0,0,0,0,0,No
31,lang/java/mapred/src/test/java/org/apache/avro/mapreduce/TestAvroMultipleOutputsSyncable.java,0,0,0,0,0,0,0,0,0,No
31,lang/java/mapred/src/test/java/org/apache/avro/mapreduce/TestCombineAvroKeyValueFileInputFormat.java,1,1,0,1,1,26,26,26,1,No
31,lang/java/mapred/src/test/java/org/apache/avro/mapreduce/TestFsInput.java,0,0,0,0,0,0,0,0,0,No
31,lang/java/mapred/src/test/java/org/apache/avro/mapreduce/TestKeyValueInput.java,0,0,0,0,0,0,0,0,0,No
31,lang/java/mapred/src/test/java/org/apache/avro/mapreduce/TestKeyValueWordCount.java,0,0,0,0,0,0,0,0,0,No
31,lang/java/mapred/src/test/java/org/apache/avro/mapreduce/TestWordCount.java,0,0,0,0,0,0,0,0,0,No
31,lang/java/maven-plugin/src/main/java/org/apache/avro/mojo/AbstractAvroMojo.java,76,5,1,40,30,65,39,13,8,Yes
31,lang/java/maven-plugin/src/main/java/org/apache/avro/mojo/IDLProtocolMojo.java,2,2,0,1,1,46,39,23,0,No
31,lang/java/maven-plugin/src/main/java/org/apache/avro/mojo/InduceMojo.java,0,0,0,0,0,0,0,0,0,No
31,lang/java/maven-plugin/src/main/java/org/apache/avro/mojo/ProtocolMojo.java,4,2,0,1,1,46,39,23,0,No
31,lang/java/maven-plugin/src/main/java/org/apache/avro/mojo/SchemaMojo.java,3,2,0,1,1,46,39,23,0,No
31,lang/java/maven-plugin/src/test/java/org/apache/avro/entities/Person.java,0,0,0,0,0,0,0,0,0,No
31,lang/java/maven-plugin/src/test/java/org/apache/avro/mojo/AbstractAvroMojoTest.java,13,1,0,0,0,39,39,39,0,No
31,lang/java/maven-plugin/src/test/java/org/apache/avro/mojo/TestIDLProtocolMojo.java,36,1,0,5,5,39,39,39,5,No
31,lang/java/maven-plugin/src/test/java/org/apache/avro/mojo/TestInduceMojo.java,5,1,0,5,5,39,39,39,5,No
31,lang/java/maven-plugin/src/test/java/org/apache/avro/mojo/TestProtocolMojo.java,32,1,0,4,4,39,39,39,4,No
31,lang/java/maven-plugin/src/test/java/org/apache/avro/mojo/TestSchemaMojo.java,38,1,0,5,5,39,39,39,5,No
31,lang/java/maven-plugin/src/test/java/org/apache/avro/protocols/Remote.java,0,0,0,0,0,0,0,0,0,No
31,lang/java/perf/src/main/java/org/apache/avro/perf/Perf.java,0,0,0,0,0,0,0,0,0,No
31,lang/java/perf/src/main/java/org/apache/avro/perf/test/BasicArrayState.java,0,0,0,0,0,0,0,0,0,No
31,lang/java/perf/src/main/java/org/apache/avro/perf/test/BasicRecord.java,0,0,0,0,0,0,0,0,0,No
31,lang/java/perf/src/main/java/org/apache/avro/perf/test/BasicState.java,0,0,0,0,0,0,0,0,0,No
31,lang/java/perf/src/main/java/org/apache/avro/perf/test/BigRecord.java,0,0,0,0,0,0,0,0,0,No
31,lang/java/perf/src/main/java/org/apache/avro/perf/test/basic/ArrayTest.java,0,0,0,0,0,0,0,0,0,No
31,lang/java/perf/src/main/java/org/apache/avro/perf/test/basic/BooleanTest.java,0,0,0,0,0,0,0,0,0,No
31,lang/java/perf/src/main/java/org/apache/avro/perf/test/basic/BytesTest.java,0,0,0,0,0,0,0,0,0,No
31,lang/java/perf/src/main/java/org/apache/avro/perf/test/basic/DoubleTest.java,0,0,0,0,0,0,0,0,0,No
31,lang/java/perf/src/main/java/org/apache/avro/perf/test/basic/ExtendedEnumTest.java,0,0,0,0,0,0,0,0,0,No
31,lang/java/perf/src/main/java/org/apache/avro/perf/test/basic/FloatTest.java,0,0,0,0,0,0,0,0,0,No
31,lang/java/perf/src/main/java/org/apache/avro/perf/test/basic/IntTest.java,0,0,0,0,0,0,0,0,0,No
31,lang/java/perf/src/main/java/org/apache/avro/perf/test/basic/LongTest.java,0,0,0,0,0,0,0,0,0,No
31,lang/java/perf/src/main/java/org/apache/avro/perf/test/basic/MapTest.java,0,0,0,0,0,0,0,0,0,No
31,lang/java/perf/src/main/java/org/apache/avro/perf/test/basic/SmallLongTest.java,0,0,0,0,0,0,0,0,0,No
31,lang/java/perf/src/main/java/org/apache/avro/perf/test/basic/StringTest.java,0,0,0,0,0,0,0,0,0,No
31,lang/java/perf/src/main/java/org/apache/avro/perf/test/basic/UnchangedUnionTest.java,0,0,0,0,0,0,0,0,0,No
31,lang/java/perf/src/main/java/org/apache/avro/perf/test/generic/GenericNestedFakeTest.java,0,0,0,0,0,0,0,0,0,No
31,lang/java/perf/src/main/java/org/apache/avro/perf/test/generic/GenericNestedTest.java,0,0,0,0,0,0,0,0,0,No
31,lang/java/perf/src/main/java/org/apache/avro/perf/test/generic/GenericStringTest.java,0,0,0,0,0,0,0,0,0,No
31,lang/java/perf/src/main/java/org/apache/avro/perf/test/generic/GenericTest.java,0,0,0,0,0,0,0,0,0,No
31,lang/java/perf/src/main/java/org/apache/avro/perf/test/generic/GenericWithDefaultTest.java,0,0,0,0,0,0,0,0,0,No
31,lang/java/perf/src/main/java/org/apache/avro/perf/test/generic/GenericWithOutOfOrderTest.java,0,0,0,0,0,0,0,0,0,No
31,lang/java/perf/src/main/java/org/apache/avro/perf/test/generic/GenericWithPromotionTest.java,0,0,0,0,0,0,0,0,0,No
31,lang/java/perf/src/main/java/org/apache/avro/perf/test/record/RecordTest.java,14,1,0,7,7,1,1,1,7,No
31,lang/java/perf/src/main/java/org/apache/avro/perf/test/record/RecordWithDefaultTest.java,0,0,0,0,0,0,0,0,0,No
31,lang/java/perf/src/main/java/org/apache/avro/perf/test/record/RecordWithOutOfOrderTest.java,0,0,0,0,0,0,0,0,0,No
31,lang/java/perf/src/main/java/org/apache/avro/perf/test/record/RecordWithPromotionTest.java,0,0,0,0,0,0,0,0,0,No
31,lang/java/perf/src/main/java/org/apache/avro/perf/test/record/ResolvingRecordTest.java,0,0,0,0,0,0,0,0,0,No
31,lang/java/perf/src/main/java/org/apache/avro/perf/test/record/ValidatingRecordTest.java,0,0,0,0,0,0,0,0,0,No
31,lang/java/perf/src/main/java/org/apache/avro/perf/test/reflect/ReflectBigRecordTest.java,0,0,0,0,0,0,0,0,0,No
31,lang/java/perf/src/main/java/org/apache/avro/perf/test/reflect/ReflectDoubleArrayTest.java,0,0,0,0,0,0,0,0,0,No
31,lang/java/perf/src/main/java/org/apache/avro/perf/test/reflect/ReflectFloatArrayTest.java,0,0,0,0,0,0,0,0,0,No
31,lang/java/perf/src/main/java/org/apache/avro/perf/test/reflect/ReflectIntArrayTest.java,0,0,0,0,0,0,0,0,0,No
31,lang/java/perf/src/main/java/org/apache/avro/perf/test/reflect/ReflectLargeFloatArrayBlockedTest.java,0,0,0,0,0,0,0,0,0,No
31,lang/java/perf/src/main/java/org/apache/avro/perf/test/reflect/ReflectLargeFloatArrayTest.java,0,0,0,0,0,0,0,0,0,No
31,lang/java/perf/src/main/java/org/apache/avro/perf/test/reflect/ReflectLongArrayTest.java,0,0,0,0,0,0,0,0,0,No
31,lang/java/perf/src/main/java/org/apache/avro/perf/test/reflect/ReflectNestedFloatArrayTest.java,0,0,0,0,0,0,0,0,0,No
31,lang/java/perf/src/main/java/org/apache/avro/perf/test/reflect/ReflectNestedObjectArrayTest.java,0,0,0,0,0,0,0,0,0,No
31,lang/java/perf/src/main/java/org/apache/avro/perf/test/reflect/ReflectRecordTest.java,0,0,0,0,0,0,0,0,0,No
31,lang/java/protobuf/src/main/java/org/apache/avro/protobuf/ProtoConversions.java,4,1,1,0,0,21,21,21,0,Yes
31,lang/java/protobuf/src/main/java/org/apache/avro/protobuf/ProtobufData.java,23,5,2,3,3,60,19,12,0,Yes
31,lang/java/protobuf/src/main/java/org/apache/avro/protobuf/ProtobufDatumReader.java,0,0,0,0,0,0,0,0,0,No
31,lang/java/protobuf/src/main/java/org/apache/avro/protobuf/ProtobufDatumWriter.java,0,0,0,0,0,0,0,0,0,No
31,lang/java/protobuf/src/test/java/org/apache/avro/protobuf/TestProtoConversions.java,0,0,0,0,0,0,0,0,0,No
31,lang/java/protobuf/src/test/java/org/apache/avro/protobuf/TestProtobuf.java,23,1,0,22,22,2,2,2,22,No
31,lang/java/protobuf/src/test/java/org/apache/avro/protobuf/multiplefiles/A.java,0,0,0,0,0,0,0,0,0,No
31,lang/java/protobuf/src/test/java/org/apache/avro/protobuf/multiplefiles/Foo.java,0,0,0,0,0,0,0,0,0,No
31,lang/java/protobuf/src/test/java/org/apache/avro/protobuf/multiplefiles/FooOrBuilder.java,0,0,0,0,0,0,0,0,0,No
31,lang/java/protobuf/src/test/java/org/apache/avro/protobuf/multiplefiles/M.java,0,0,0,0,0,0,0,0,0,No
31,lang/java/protobuf/src/test/java/org/apache/avro/protobuf/multiplefiles/MOrBuilder.java,0,0,0,0,0,0,0,0,0,No
31,lang/java/protobuf/src/test/java/org/apache/avro/protobuf/multiplefiles/TestMultipleFiles.java,0,0,0,0,0,0,0,0,0,No
31,lang/java/protobuf/src/test/java/org/apache/avro/protobuf/noopt/Test.java,0,0,0,0,0,0,0,0,0,No
31,lang/java/thrift/src/main/java/org/apache/avro/thrift/ThriftData.java,10,2,2,0,0,35,18,17,0,Yes
31,lang/java/thrift/src/main/java/org/apache/avro/thrift/ThriftDatumReader.java,0,0,0,0,0,0,0,0,0,No
31,lang/java/thrift/src/main/java/org/apache/avro/thrift/ThriftDatumWriter.java,0,0,0,0,0,0,0,0,0,No
31,lang/java/thrift/src/test/java/org/apache/avro/thrift/TestThrift.java,0,0,0,0,0,0,0,0,0,No
31,lang/java/thrift/src/test/java/org/apache/avro/thrift/test/E.java,0,0,0,0,0,0,0,0,0,No
31,lang/java/thrift/src/test/java/org/apache/avro/thrift/test/Error.java,0,0,0,0,0,0,0,0,0,No
31,lang/java/thrift/src/test/java/org/apache/avro/thrift/test/Foo.java,0,0,0,0,0,0,0,0,0,No
31,lang/java/thrift/src/test/java/org/apache/avro/thrift/test/FooOrBar.java,0,0,0,0,0,0,0,0,0,No
31,lang/java/thrift/src/test/java/org/apache/avro/thrift/test/Nested.java,0,0,0,0,0,0,0,0,0,No
31,lang/java/thrift/src/test/java/org/apache/avro/thrift/test/Test.java,0,0,0,0,0,0,0,0,0,No
31,lang/java/tools/src/main/java/org/apache/avro/tool/BinaryFragmentToJsonTool.java,0,0,0,0,0,0,0,0,0,No
31,lang/java/tools/src/main/java/org/apache/avro/tool/CatTool.java,0,0,0,0,0,0,0,0,0,No
31,lang/java/tools/src/main/java/org/apache/avro/tool/ConcatTool.java,0,0,0,0,0,0,0,0,0,No
31,lang/java/tools/src/main/java/org/apache/avro/tool/CreateRandomFileTool.java,0,0,0,0,0,0,0,0,0,No
31,lang/java/tools/src/main/java/org/apache/avro/tool/DataFileGetMetaTool.java,1,1,0,1,1,26,26,26,1,No
31,lang/java/tools/src/main/java/org/apache/avro/tool/DataFileGetSchemaTool.java,1,1,0,1,1,26,26,26,1,No
31,lang/java/tools/src/main/java/org/apache/avro/tool/DataFileReadTool.java,38,2,0,34,17,4,2,2,17,No
31,lang/java/tools/src/main/java/org/apache/avro/tool/DataFileRepairTool.java,0,0,0,0,0,0,0,0,0,No
31,lang/java/tools/src/main/java/org/apache/avro/tool/DataFileWriteTool.java,0,0,0,0,0,0,0,0,0,No
31,lang/java/tools/src/main/java/org/apache/avro/tool/FromTextTool.java,6,1,1,1,1,21,21,21,1,Yes
31,lang/java/tools/src/main/java/org/apache/avro/tool/IdlToSchemataTool.java,0,0,0,0,0,0,0,0,0,No
31,lang/java/tools/src/main/java/org/apache/avro/tool/IdlTool.java,0,0,0,0,0,0,0,0,0,No
31,lang/java/tools/src/main/java/org/apache/avro/tool/InduceSchemaTool.java,0,0,0,0,0,0,0,0,0,No
31,lang/java/tools/src/main/java/org/apache/avro/tool/JsonToBinaryFragmentTool.java,0,0,0,0,0,0,0,0,0,No
31,lang/java/tools/src/main/java/org/apache/avro/tool/Main.java,7,1,0,0,0,3,3,3,0,No
31,lang/java/tools/src/main/java/org/apache/avro/tool/RecodecTool.java,1,1,0,1,1,26,26,26,1,No
31,lang/java/tools/src/main/java/org/apache/avro/tool/RecordCountTool.java,89,1,0,89,89,3,3,3,89,No
31,lang/java/tools/src/main/java/org/apache/avro/tool/RpcProtocolTool.java,0,0,0,0,0,0,0,0,0,No
31,lang/java/tools/src/main/java/org/apache/avro/tool/RpcReceiveTool.java,0,0,0,0,0,0,0,0,0,No
31,lang/java/tools/src/main/java/org/apache/avro/tool/RpcSendTool.java,0,0,0,0,0,0,0,0,0,No
31,lang/java/tools/src/main/java/org/apache/avro/tool/SchemaFingerprintTool.java,0,0,0,0,0,0,0,0,0,No
31,lang/java/tools/src/main/java/org/apache/avro/tool/SchemaNormalizationTool.java,0,0,0,0,0,0,0,0,0,No
31,lang/java/tools/src/main/java/org/apache/avro/tool/SpecificCompilerTool.java,121,7,2,54,18,51,39,7,7,Yes
31,lang/java/tools/src/main/java/org/apache/avro/tool/TetherTool.java,4,2,0,0,0,20,19,10,0,No
31,lang/java/tools/src/main/java/org/apache/avro/tool/ToTextTool.java,0,0,0,0,0,0,0,0,0,No
31,lang/java/tools/src/main/java/org/apache/avro/tool/ToTrevniTool.java,0,0,0,0,0,0,0,0,0,No
31,lang/java/tools/src/main/java/org/apache/avro/tool/Tool.java,0,0,0,0,0,0,0,0,0,No
31,lang/java/tools/src/main/java/org/apache/avro/tool/TrevniCreateRandomTool.java,0,0,0,0,0,0,0,0,0,No
31,lang/java/tools/src/main/java/org/apache/avro/tool/TrevniMetadataTool.java,0,0,0,0,0,0,0,0,0,No
31,lang/java/tools/src/main/java/org/apache/avro/tool/TrevniToJsonTool.java,0,0,0,0,0,0,0,0,0,No
31,lang/java/tools/src/main/java/org/apache/avro/tool/TrevniUtil.java,0,0,0,0,0,0,0,0,0,No
31,lang/java/tools/src/main/java/org/apache/avro/tool/Util.java,12,1,0,0,0,4,4,4,0,No
31,lang/java/tools/src/test/compiler/output-string/Position.java,0,0,0,0,0,0,0,0,0,No
31,lang/java/tools/src/test/compiler/output-string/avro/examples/baseball/FieldTest.java,5,4,4,1,1,20,10,5,0,Yes
31,lang/java/tools/src/test/compiler/output-string/avro/examples/baseball/Player.java,7,4,4,1,1,20,10,5,0,Yes
31,lang/java/tools/src/test/compiler/output-string/avro/examples/baseball/Position.java,0,0,0,0,0,0,0,0,0,No
31,lang/java/tools/src/test/compiler/output/FieldVisibilityTest.java,506,2,0,504,504,6,5,3,252,No
31,lang/java/tools/src/test/compiler/output/Player.java,3,2,2,1,1,14,10,7,0,Yes
31,lang/java/tools/src/test/compiler/output/Position.java,0,0,0,0,0,0,0,0,0,No
31,lang/java/tools/src/test/java/org/apache/avro/tool/TestCatTool.java,0,0,0,0,0,0,0,0,0,No
31,lang/java/tools/src/test/java/org/apache/avro/tool/TestConcatTool.java,0,0,0,0,0,0,0,0,0,No
31,lang/java/tools/src/test/java/org/apache/avro/tool/TestCreateRandomFileTool.java,0,0,0,0,0,0,0,0,0,No
31,lang/java/tools/src/test/java/org/apache/avro/tool/TestDataFileRepairTool.java,1,1,0,1,1,26,26,26,1,No
31,lang/java/tools/src/test/java/org/apache/avro/tool/TestDataFileTools.java,44,2,0,44,22,4,2,2,22,No
31,lang/java/tools/src/test/java/org/apache/avro/tool/TestIdlToSchemataTool.java,0,0,0,0,0,0,0,0,0,No
31,lang/java/tools/src/test/java/org/apache/avro/tool/TestJsonToFromBinaryFragmentTools.java,0,0,0,0,0,0,0,0,0,No
31,lang/java/tools/src/test/java/org/apache/avro/tool/TestMain.java,0,0,0,0,0,0,0,0,0,No
31,lang/java/tools/src/test/java/org/apache/avro/tool/TestRecodecTool.java,4,1,0,0,0,26,26,26,0,No
31,lang/java/tools/src/test/java/org/apache/avro/tool/TestRecordCountTool.java,99,1,0,99,99,3,3,3,99,No
31,lang/java/tools/src/test/java/org/apache/avro/tool/TestRpcProtocolTool.java,0,0,0,0,0,0,0,0,0,No
31,lang/java/tools/src/test/java/org/apache/avro/tool/TestRpcReceiveAndSendTools.java,0,0,0,0,0,0,0,0,0,No
31,lang/java/tools/src/test/java/org/apache/avro/tool/TestSpecificCompilerTool.java,70,4,0,42,28,35,26,8,10,No
31,lang/java/tools/src/test/java/org/apache/avro/tool/TestTetherTool.java,2,1,0,0,0,26,26,26,0,No
31,lang/java/tools/src/test/java/org/apache/avro/tool/TestTextFileTools.java,1,1,0,1,1,26,26,26,1,No
31,lang/java/tools/src/test/java/org/apache/avro/tool/TestToTrevniTool.java,0,0,0,0,0,0,0,0,0,No
31,lang/java/tools/src/test/java/org/apache/avro/tool/TestUtil.java,0,0,0,0,0,0,0,0,0,No
31,lang/java/trevni/avro/src/main/java/org/apache/trevni/avro/AvroColumnReader.java,0,0,0,0,0,0,0,0,0,No
31,lang/java/trevni/avro/src/main/java/org/apache/trevni/avro/AvroColumnWriter.java,0,0,0,0,0,0,0,0,0,No
31,lang/java/trevni/avro/src/main/java/org/apache/trevni/avro/AvroColumnator.java,0,0,0,0,0,0,0,0,0,No
31,lang/java/trevni/avro/src/main/java/org/apache/trevni/avro/AvroTrevniInputFormat.java,0,0,0,0,0,0,0,0,0,No
31,lang/java/trevni/avro/src/main/java/org/apache/trevni/avro/AvroTrevniOutputFormat.java,0,0,0,0,0,0,0,0,0,No
31,lang/java/trevni/avro/src/main/java/org/apache/trevni/avro/HadoopInput.java,0,0,0,0,0,0,0,0,0,No
31,lang/java/trevni/avro/src/main/java/org/apache/trevni/avro/mapreduce/AvroTrevniKeyInputFormat.java,0,0,0,0,0,0,0,0,0,No
31,lang/java/trevni/avro/src/main/java/org/apache/trevni/avro/mapreduce/AvroTrevniKeyOutputFormat.java,0,0,0,0,0,0,0,0,0,No
31,lang/java/trevni/avro/src/main/java/org/apache/trevni/avro/mapreduce/AvroTrevniKeyRecordReader.java,0,0,0,0,0,0,0,0,0,No
31,lang/java/trevni/avro/src/main/java/org/apache/trevni/avro/mapreduce/AvroTrevniKeyRecordWriter.java,0,0,0,0,0,0,0,0,0,No
31,lang/java/trevni/avro/src/main/java/org/apache/trevni/avro/mapreduce/AvroTrevniKeyValueInputFormat.java,0,0,0,0,0,0,0,0,0,No
31,lang/java/trevni/avro/src/main/java/org/apache/trevni/avro/mapreduce/AvroTrevniKeyValueOutputFormat.java,0,0,0,0,0,0,0,0,0,No
31,lang/java/trevni/avro/src/main/java/org/apache/trevni/avro/mapreduce/AvroTrevniKeyValueRecordReader.java,0,0,0,0,0,0,0,0,0,No
31,lang/java/trevni/avro/src/main/java/org/apache/trevni/avro/mapreduce/AvroTrevniKeyValueRecordWriter.java,0,0,0,0,0,0,0,0,0,No
31,lang/java/trevni/avro/src/main/java/org/apache/trevni/avro/mapreduce/AvroTrevniRecordReaderBase.java,0,0,0,0,0,0,0,0,0,No
31,lang/java/trevni/avro/src/main/java/org/apache/trevni/avro/mapreduce/AvroTrevniRecordWriterBase.java,0,0,0,0,0,0,0,0,0,No
31,lang/java/trevni/avro/src/test/java/org/apache/trevni/avro/TestCases.java,0,0,0,0,0,0,0,0,0,No
31,lang/java/trevni/avro/src/test/java/org/apache/trevni/avro/TestEvolvedSchema.java,8,1,0,0,0,26,26,26,0,No
31,lang/java/trevni/avro/src/test/java/org/apache/trevni/avro/TestMetadataFiltering.java,0,0,0,0,0,0,0,0,0,No
31,lang/java/trevni/avro/src/test/java/org/apache/trevni/avro/TestShredder.java,0,0,0,0,0,0,0,0,0,No
31,lang/java/trevni/avro/src/test/java/org/apache/trevni/avro/TestWordCount.java,0,0,0,0,0,0,0,0,0,No
31,lang/java/trevni/avro/src/test/java/org/apache/trevni/avro/WordCountUtil.java,0,0,0,0,0,0,0,0,0,No
31,lang/java/trevni/avro/src/test/java/org/apache/trevni/avro/mapreduce/TestKeyValueWordCount.java,0,0,0,0,0,0,0,0,0,No
31,lang/java/trevni/avro/src/test/java/org/apache/trevni/avro/mapreduce/TestKeyWordCount.java,0,0,0,0,0,0,0,0,0,No
31,lang/java/trevni/core/src/main/java/org/apache/trevni/ArrayColumnOutputBuffer.java,0,0,0,0,0,0,0,0,0,No
31,lang/java/trevni/core/src/main/java/org/apache/trevni/BZip2Codec.java,6,1,0,0,0,6,6,6,0,No
31,lang/java/trevni/core/src/main/java/org/apache/trevni/BlockDescriptor.java,0,0,0,0,0,0,0,0,0,No
31,lang/java/trevni/core/src/main/java/org/apache/trevni/Checksum.java,0,0,0,0,0,0,0,0,0,No
31,lang/java/trevni/core/src/main/java/org/apache/trevni/Codec.java,6,1,0,6,6,6,6,6,6,No
31,lang/java/trevni/core/src/main/java/org/apache/trevni/ColumnDescriptor.java,0,0,0,0,0,0,0,0,0,No
31,lang/java/trevni/core/src/main/java/org/apache/trevni/ColumnFileMetaData.java,0,0,0,0,0,0,0,0,0,No
31,lang/java/trevni/core/src/main/java/org/apache/trevni/ColumnFileReader.java,0,0,0,0,0,0,0,0,0,No
31,lang/java/trevni/core/src/main/java/org/apache/trevni/ColumnFileWriter.java,0,0,0,0,0,0,0,0,0,No
31,lang/java/trevni/core/src/main/java/org/apache/trevni/ColumnMetaData.java,0,0,0,0,0,0,0,0,0,No
31,lang/java/trevni/core/src/main/java/org/apache/trevni/ColumnOutputBuffer.java,0,0,0,0,0,0,0,0,0,No
31,lang/java/trevni/core/src/main/java/org/apache/trevni/ColumnValues.java,0,0,0,0,0,0,0,0,0,No
31,lang/java/trevni/core/src/main/java/org/apache/trevni/Crc32Checksum.java,2,1,1,1,1,21,21,21,1,Yes
31,lang/java/trevni/core/src/main/java/org/apache/trevni/DeflateCodec.java,7,1,0,0,0,6,6,6,0,No
31,lang/java/trevni/core/src/main/java/org/apache/trevni/Input.java,0,0,0,0,0,0,0,0,0,No
31,lang/java/trevni/core/src/main/java/org/apache/trevni/InputBuffer.java,3,1,1,1,1,21,21,21,1,Yes
31,lang/java/trevni/core/src/main/java/org/apache/trevni/InputBytes.java,0,0,0,0,0,0,0,0,0,No
31,lang/java/trevni/core/src/main/java/org/apache/trevni/InputFile.java,0,0,0,0,0,0,0,0,0,No
31,lang/java/trevni/core/src/main/java/org/apache/trevni/MetaData.java,0,0,0,0,0,0,0,0,0,No
31,lang/java/trevni/core/src/main/java/org/apache/trevni/NullChecksum.java,0,0,0,0,0,0,0,0,0,No
31,lang/java/trevni/core/src/main/java/org/apache/trevni/NullCodec.java,0,0,0,0,0,0,0,0,0,No
31,lang/java/trevni/core/src/main/java/org/apache/trevni/OutputBuffer.java,0,0,0,0,0,0,0,0,0,No
31,lang/java/trevni/core/src/main/java/org/apache/trevni/SnappyCodec.java,7,2,1,2,1,27,21,13,1,Yes
31,lang/java/trevni/core/src/main/java/org/apache/trevni/TrevniRuntimeException.java,0,0,0,0,0,0,0,0,0,No
31,lang/java/trevni/core/src/main/java/org/apache/trevni/ValueType.java,0,0,0,0,0,0,0,0,0,No
31,lang/java/trevni/core/src/test/java/org/apache/trevni/TestAllCodecs.java,126,2,1,120,119,27,21,13,60,Yes
31,lang/java/trevni/core/src/test/java/org/apache/trevni/TestColumnFile.java,0,0,0,0,0,0,0,0,0,No
31,lang/java/trevni/core/src/test/java/org/apache/trevni/TestIOBuffers.java,22,1,0,22,22,26,26,26,22,No
31,lang/java/trevni/core/src/test/java/org/apache/trevni/TestInputBytes.java,1,1,0,1,1,26,26,26,1,No
31,lang/java/trevni/core/src/test/java/org/apache/trevni/TestUtil.java,0,0,0,0,0,0,0,0,0,No
